{
 "target_label": 3,
 "ps": [
  ".*.*(\u5835)+.*(\u5835\u6b7b)+.*(\u52a8)+.*.*",
  ".*.*(\u5835)+.*(\u5835\u6b7b)+.*.*",
  ".*.*(\u5835)+.*.*",
  ".*.*(\u7eff\u706f)+.*.*",
  ".*.*(\u7ea2\u8272)+.*.*",
  ".*.*(\u538b)+.*.*",
  ".*.*(\u52a8)+.*.*",
  ".*.*(\u4e25\u91cd)+.*.*"
 ],
 "gen": 190,
 "pr": [
  0.8045476536042184,
  0.1608851674641052
 ]
}