{
 "target_label": 1,
 "ps": [
  ".*.*(\u4e8b\u6545)+.*(\u4e24\u8f66)+.*(\u4e24\u8f66)+.*.*",
  ".*.*(\u4e24\u8f66)+.*(\u4e24\u8f66)+.*",
  ".*.*(\u4e24\u8f66)+.*(\u8f86)+.*",
  ".*.*(\u4e8b\u6545)+.*(\u4e24\u8f66)+.*",
  ".*.*(\u4e24\u8f66)+.*.*",
  ".*.*(\u4e8b\u6545)+.*.*",
  ".*.*(\u8f86)+.*.*",
  ".*.*(\u4e24)+.*.*",
  ".*.*(\u8f66\u9053)+.*.*",
  ".*.*(\u76f8\u649e)+.*.*",
  ".*.*(\u8ffd\u5c3e)+.*.*",
  ".*.*(\u522e)+.*.*",
  ".*.*(\u5360\u7528)+.*.*",
  ".*.*(\u79c1\u5bb6\u8f66)+.*.*"
 ],
 "gen": 98,
 "pr": [
  0.8952299829641486,
  0.11306042884989813
 ]
}