{
 "target_label": 3,
 "ps": [
  ".*(\u538b)+.*(\u7ea2\u8272)+.*.*",
  ".*.*(\u7ea2\u8272)+.*(\u7ea2\u8272)+.*.*",
  ".*.*(\u7ea2\u8272)+.*.*",
  ".*.*(\u538b)+.*(\u5835\u8f66)+.*.*",
  ".*.*(\u4e25\u91cd)+.*.*",
  ".*.*(\u5835\u8f66)+.*.*",
  ".*.*(\u5835)+.*",
  ".*.*(\u9971\u548c)+.*.*",
  ".*.*(\u538b)+.*.*"
 ],
 "gen": 182,
 "pr": [
  0.7087566521528442,
  0.09868421052630988
 ]
}