{
 "target_label": 1,
 "ps": [
  ".*.*(\u4e24)+.*(\u522e)+.*(\u8f86)+.*.*",
  ".*.*(\u4e24)+.*(\u76f8\u649e)+.*(\u8f86)+.*.*",
  ".*.*(\u4e24)+.*(\u522e)+.*.*",
  ".*.*(\u4e24)+.*(\u76f8\u649e)+.*.*",
  ".*.*(\u4e24)+.*.*",
  ".*.*(\u8f86)+.*.*",
  ".*.*(\u8f66\u9053)+.*.*",
  ".*.*(\u8ffd\u5c3e)+.*.*",
  ".*.*(\u4e8b\u6545)+.*.*",
  ".*.*(\u522e)+.*.*",
  ".*.*(\u76f8\u649e)+.*.*"
 ],
 "gen": 89,
 "pr": [
  0.8688245315161099,
  0.10994152046783197
 ]
}